date,Composite,Lumber,Wood,XHB,ITB,Bank Rate,All-items 8,Food,Shelter,"Household operations, furnishings and equipment",Clothing and footwear,Transportation,Health and personal care,"Recreation, education and reading","Alcoholic beverages, tobacco products and recreational cannabis",All-items excluding food,All-items excluding food and energy
2008-06,319000.0,254.96,47.77750025,18.380952476190476,15.886666666666667,3.25,114.9,115.2,122.3,104.3,94.0,124.0,108.3,102.3,127.7,114.9,110.3
2008-07,317800.0,261.8,46.40681840909091,16.403181863636362,14.326818181818181,3.25,115.4,116.0,123.3,104.5,94.8,124.0,108.4,102.2,127.6,115.2,110.4
2008-08,316800.0,270.1,48.05857085714286,18.48142842857143,15.621428666666667,3.25,115.4,116.8,123.8,104.5,94.3,122.4,109.3,102.5,127.5,115.0,110.6
2008-09,315900.0,240.7,47.34047576190476,20.479524047619048,17.600952285714285,3.25,115.5,118.0,123.1,105.4,94.0,122.3,109.2,102.4,128.0,115.0,110.6
2008-10,312700.0,199.5,33.394783000000004,14.756086956521738,12.990869565217393,2.5,114.7,118.5,123.2,105.2,92.7,118.3,109.3,102.2,128.0,113.9,110.4
2008-11,310500.0,209.5,28.67210536842105,11.518947368421053,9.908947368421053,2.5,114.3,119.7,123.4,105.6,92.9,114.2,109.9,102.0,128.5,113.1,111.0
2008-12,306700.0,188.0,28.017272454545456,12.221363636363636,10.425454545454546,1.75,113.9,119.9,123.4,105.8,92.7,111.7,110.1,102.0,128.7,112.6,111.1
2009-01,304100.0,187.0,26.751500099999998,11.5545,9.587,1.25,113.7,120.4,123.1,105.9,94.2,109.8,110.6,101.9,129.2,112.3,110.7
2009-02,301800.0,173.7,23.748420999999997,10.37421052631579,8.563157894736841,1.25,114.1,121.0,123.2,106.2,94.4,111.5,110.7,102.4,129.2,112.8,111.0
2009-03,301500.0,177.3,20.776363863636362,9.868181818181817,7.963636363636363,0.75,114.0,121.4,122.6,106.6,94.0,110.7,110.9,102.5,129.7,112.5,111.1
2009-04,303700.0,187.4,25.566667,12.33952380952381,10.07952380952381,0.5,113.7,121.5,121.4,107.1,94.0,109.8,111.0,102.9,129.7,112.1,111.2
2009-05,307200.0,193.6,30.1789999,12.647499999999999,10.573,0.5,114.2,121.5,121.4,107.5,93.4,111.6,111.9,103.2,131.2,112.6,111.4
2009-06,311900.0,214.6,29.765909136363636,11.95,9.808636363636364,0.5,114.7,121.6,121.3,107.4,92.5,114.6,112.5,103.1,131.6,113.3,111.6
2009-07,316500.0,210.0,29.85818168181818,12.384545454545453,10.395909090909091,0.5,114.3,121.6,120.9,107.3,93.3,113.0,112.5,103.2,131.5,112.7,111.6
2009-08,320900.0,207.0,34.54428528571428,15.134285714285713,12.788571428571428,0.5,114.5,121.4,121.1,107.1,92.9,114.4,112.2,103.3,131.4,113.1,111.6
2009-09,325600.0,185.5,35.67142866666667,15.441904714285712,12.918095238095237,0.5,114.6,121.2,120.9,107.7,92.9,113.5,113.5,103.4,131.3,113.1,111.6
2009-10,330500.0,206.18,36.537727000000004,14.862272727272728,12.036363636363637,0.5,114.8,121.3,121.2,107.9,92.8,114.6,113.0,103.7,131.4,113.4,111.7
2009-11,334700.0,246.2,36.80200025,14.671000000000001,11.775,0.5,115.4,121.8,121.3,108.5,93.9,116.3,113.4,103.8,131.3,114.1,111.9
2009-12,338500.0,241.0,39.199091,14.87590909090909,11.69818181818182,0.5,115.4,122.1,121.3,107.8,93.5,117.0,113.4,103.7,131.2,114.1,111.9
2010-01,341300.0,255.0,40.14631584210526,15.553157842105263,12.573684210526316,0.5,115.8,122.2,121.8,108.1,92.8,117.6,114.1,103.5,131.1,114.5,112.1
2010-02,344300.0,279.0,37.84421042105263,15.690526368421052,12.916842105263157,0.5,115.9,122.4,121.8,108.1,91.9,117.5,114.0,105.6,131.4,114.6,112.6
2010-03,345600.0,291.3,40.74347834782609,16.738260826086957,13.596521739130436,0.5,115.6,122.9,121.7,108.1,92.0,116.8,113.7,103.2,131.5,114.2,112.1
2010-04,345700.0,326.8,43.3752379047619,18.193809428571427,14.300476190476191,0.5,115.6,122.7,122.4,108.3,92.6,115.9,114.4,103.3,131.8,114.3,112.5
2010-05,345000.0,300.4,39.7430005,17.72249995,14.0215,0.5,115.7,122.5,123.0,108.6,92.0,116.0,114.3,102.9,132.1,114.4,112.5
2010-06,343700.0,232.0,39.0436360909091,15.743636454545454,12.228181818181817,0.75,116.0,122.5,123.3,108.6,92.0,116.5,114.5,103.5,132.2,114.6,112.8
2010-07,343100.0,221.0,39.24571447619047,14.754761904761907,11.444285714285714,1.0,116.6,123.0,124.3,109.4,91.0,116.7,115.8,104.0,134.5,115.1,113.1
2010-08,343500.0,219.5,39.95181868181818,14.55090909090909,11.250909090909092,1.0,116.5,123.3,124.0,109.2,91.3,117.4,116.1,103.9,134.4,115.2,113.1
2010-09,344200.0,242.0,40.993809285714285,15.361428571428572,11.772380952380953,1.25,116.7,123.7,123.9,109.1,90.6,117.7,116.0,104.0,134.4,115.3,113.2
2010-10,345100.0,275.4,42.91952404761905,15.682380952380951,11.736190476190476,1.25,117.4,123.8,124.6,109.3,91.6,120.1,116.2,104.4,134.5,116.1,113.5
2010-11,347000.0,286.3,44.18000009523809,15.924285666666668,11.694285714285716,1.25,117.7,123.4,124.4,109.5,91.0,121.5,116.0,104.5,134.6,116.5,113.6
2010-12,348700.0,318.78,44.6781820909091,17.165908954545454,12.765454545454544,1.25,118.2,124.2,124.6,109.6,91.5,122.4,116.1,104.8,134.6,117.0,113.8
2011-01,351400.0,330.1,47.08700025,17.89649995,13.7405,1.25,118.4,124.6,124.5,109.8,91.0,123.2,116.0,105.2,135.2,117.2,113.9
2011-02,353900.0,315.7,48.77263173684211,18.110000000000003,13.624736842105264,1.25,118.3,124.7,124.5,109.8,90.5,123.3,116.2,105.3,135.0,117.0,113.9
2011-03,356600.0,323.8,48.08565256521739,17.892608652173912,13.270434782608698,1.25,119.1,126.8,124.6,110.3,91.6,124.2,116.7,105.6,134.8,117.6,114.2
2011-04,359000.0,297.0,49.9115002,18.588000049999998,13.333000000000002,1.25,119.6,127.0,125.2,109.6,90.9,125.7,116.9,105.5,135.0,118.0,114.2
2011-05,361500.0,263.5,47.71380919047619,18.571428714285712,13.053333333333333,1.25,120.0,127.5,125.2,110.2,92.3,126.6,116.9,105.4,135.7,118.4,114.7
2011-06,364300.0,256.18,42.63545440909091,17.709090727272727,12.517727272727273,1.25,119.6,128.0,125.4,110.7,92.2,124.8,116.7,105.3,135.6,118.0,114.3
2011-07,366800.0,267.0,43.16550015,17.7095,12.4435,1.25,119.8,128.4,125.9,110.7,92.1,124.5,116.9,105.5,136.1,118.2,114.5
2011-08,369300.0,248.64,37.305217086956524,14.419565217391304,9.838260869565218,1.25,120.1,128.6,126.2,111.5,92.1,125.6,117.3,105.1,136.1,118.5,114.8
2011-09,371700.0,279.3,36.22047595238095,14.07904761904762,9.435714285714287,1.25,120.5,129.1,125.7,111.5,93.0,126.9,117.5,105.4,135.9,118.9,115.3
2011-10,373700.0,237.16,36.29714233333333,15.040952380952382,9.97857142857143,1.25,120.9,129.2,126.5,111.8,92.9,127.8,117.6,105.3,135.8,119.1,115.3
2011-11,376200.0,247.5,36.36047604761905,15.956190523809523,10.876190476190477,1.25,121.0,129.4,126.3,112.1,92.3,128.5,117.8,105.0,135.8,119.3,115.5
2011-12,379100.0,259.66,36.43428542857143,16.758571476190475,11.627619047619048,1.25,120.8,129.7,126.8,112.1,91.9,126.7,118.3,105.0,135.8,119.2,115.4
2012-01,381900.0,263.3,39.2264997,18.55600015,13.1095,1.25,121.5,130.0,127.1,112.4,92.6,128.2,118.2,105.0,136.3,119.6,115.8
2012-02,383800.0,275.4,40.708999899999995,19.9625,13.996,1.25,121.4,129.8,126.9,112.6,93.0,128.4,118.5,105.1,136.6,119.7,115.7
2012-03,386100.0,280.1,41.40590913636363,20.96818181818182,14.615909090909092,1.25,121.5,129.7,126.6,112.4,92.3,128.9,118.6,105.6,137.5,119.8,115.9
2012-04,388300.0,283.9,39.99399965,20.87850035,14.5155,1.25,121.9,130.2,126.6,112.5,92.9,130.1,118.5,106.0,137.7,120.1,116.4
2012-05,389100.0,291.8,37.23409122727273,21.067272636363636,15.457272772727272,1.25,121.5,130.5,126.7,112.8,91.9,127.9,118.6,106.1,137.7,119.8,116.3
2012-06,389500.0,286.6,35.87999966666667,20.069047523809523,15.07428561904762,1.25,121.2,130.4,127.0,113.0,91.7,126.3,118.7,106.0,137.5,119.6,116.2
2012-07,390400.0,294.9,37.649523476190474,21.450000095238096,16.783809714285713,1.25,121.2,131.0,127.2,113.0,91.3,126.0,118.6,105.8,137.6,119.4,116.0
2012-08,389900.0,315.0,38.49347839130435,22.59608695652174,17.382608652173914,1.25,121.7,131.4,127.4,112.9,90.9,127.6,119.6,106.2,137.9,119.8,116.1
2012-09,390200.0,279.4,40.47105242105263,24.965789526315792,19.45263152631579,1.25,121.9,131.2,127.2,113.2,91.3,128.7,118.5,106.0,137.7,120.0,116.2
2012-10,390700.0,328.72,40.800000047619044,25.47476185714286,20.187142857142856,1.25,122.2,131.7,127.6,113.4,91.6,129.3,118.8,105.9,137.8,120.3,116.3
2012-11,390700.0,340.5,41.306666190476186,25.914761952380953,20.32190461904762,1.25,122.1,131.7,127.5,113.6,91.8,128.2,118.7,106.4,138.3,120.2,116.5
2012-12,392500.0,391.3,43.96450025,26.084500100000003,20.584,1.25,122.0,131.7,127.5,113.6,92.0,127.7,118.8,106.4,138.3,120.1,116.5
2013-01,392700.0,386.9,46.87952385714286,28.11238085714286,22.629523619047617,1.25,122.1,131.1,127.8,113.9,91.3,127.7,118.6,106.2,138.9,120.2,116.5
2013-02,393800.0,399.8,47.132105315789474,28.416315631578946,22.749999947368423,1.25,122.9,132.3,127.9,114.1,92.4,131.1,118.6,105.9,139.4,121.1,117.0
2013-03,395100.0,406.8,48.9575004,29.622999850000003,23.797000099999998,1.25,122.8,132.3,128.0,114.4,92.9,129.0,118.6,105.8,139.8,120.8,117.0
2013-04,396300.0,385.8,48.57000004545455,29.303181818181816,23.160454681818184,1.25,122.3,132.0,128.2,114.2,92.4,127.8,118.3,105.8,140.1,120.4,117.0
2013-05,398100.0,344.2,49.30727313636364,31.5454545,25.265000045454546,1.25,122.3,132.0,128.3,113.9,92.5,127.6,118.0,105.9,141.1,120.5,117.0
2013-06,399300.0,308.9,46.0040001,30.00050005,23.1635,1.25,122.6,132.0,128.5,114.0,92.4,128.8,118.2,105.9,140.9,120.8,117.1
2013-07,401400.0,336.9,47.303636545454545,30.162727500000003,22.578636272727273,1.25,122.8,132.2,128.8,114.4,92.4,128.9,118.1,106.3,140.5,121.0,117.2
2013-08,403700.0,324.0,47.79681845454545,29.32454559090909,21.365454363636363,1.25,122.9,132.9,128.8,114.3,92.8,129.0,118.1,106.3,140.4,121.0,117.2
2013-09,406400.0,356.9,49.7280002,30.234499949999996,22.02950015,1.25,123.1,132.9,129.0,114.5,91.8,129.5,118.4,106.1,140.9,121.2,117.3
2013-10,409600.0,369.68,50.997826,30.264347652173914,22.19130443478261,1.25,123.0,132.9,129.2,114.6,91.2,129.5,118.1,106.3,141.0,121.0,117.4
2013-11,412300.0,374.8,50.72049995,30.986,22.48749975,1.25,123.2,133.2,129.8,114.7,91.4,128.7,118.0,106.8,141.1,121.3,117.5
2013-12,414100.0,376.56,51.363809428571436,31.75142861904762,23.238571761904762,1.25,123.6,133.0,129.9,115.2,92.2,130.3,118.2,106.8,141.2,121.9,117.8
2014-01,416300.0,369.8,52.01476223809524,32.10952395238095,24.337142714285715,1.25,123.9,132.6,130.5,115.2,92.5,130.2,118.3,107.2,141.1,122.1,118.0
2014-02,418300.0,365.3,52.30631615789474,32.38315794736842,25.06,1.25,124.3,133.5,130.7,115.2,92.1,131.5,118.4,107.5,143.0,122.6,118.3
2014-03,419100.0,359.9,51.9452379047619,32.93857104761905,24.832857047619047,1.25,124.5,133.9,131.4,115.4,91.9,131.1,118.4,106.9,145.2,122.7,118.3
2014-04,420500.0,341.0,50.6352379047619,31.70761880952381,23.83000004761905,1.25,125.0,134.6,132.4,115.3,92.8,131.3,118.6,106.9,145.1,123.0,118.5
2014-05,422400.0,343.7,51.474286047619046,31.17523814285714,23.52190519047619,1.25,125.1,135.1,132.6,115.6,93.2,131.0,118.9,107.2,145.8,123.2,118.7
2014-06,425200.0,339.54,52.693333190476196,32.17619042857143,24.29190457142857,1.25,125.4,135.9,132.2,116.1,93.7,131.3,118.8,107.4,146.5,123.3,118.9
2014-07,427600.0,339.0,52.09545427272727,31.34318177272727,23.772727272727273,1.25,125.4,136.0,132.6,116.1,93.6,130.7,119.1,107.3,147.1,123.3,119.0
2014-08,430500.0,355.6,50.73238095238096,30.829999857142855,23.21904742857143,1.25,125.5,135.8,132.4,117.5,93.1,130.8,119.2,107.7,148.2,123.5,119.5
2014-09,433100.0,348.0,51.12238080952381,30.850952380952382,23.487142857142857,1.25,125.7,136.6,132.5,117.6,93.6,130.3,119.3,107.7,148.5,123.6,119.5
2014-10,436200.0,350.2,49.338260695652174,29.79304360869565,23.015652130434784,1.25,125.9,136.7,132.8,117.9,94.0,130.5,119.0,108.0,149.2,123.7,119.8
2014-11,439500.0,334.7,51.784210105263156,32.372631473684216,25.105789578947366,1.25,125.7,137.4,132.8,118.3,94.0,128.6,119.8,107.6,149.5,123.4,119.9
2014-12,442300.0,341.6,52.47954513636364,33.17136331818182,25.27136363636364,1.25,125.5,138.0,133.0,118.5,93.9,126.8,119.8,107.9,149.6,123.2,120.1
2015-01,444000.0,327.6,52.9644999,34.08200015,25.4670002,1.0,125.1,138.6,133.1,118.5,94.3,123.2,120.0,108.0,150.1,122.5,120.2
2015-02,446100.0,320.8,55.64000005263158,36.01684163157895,27.133684210526315,1.0,125.5,138.7,133.1,118.9,94.3,124.8,120.1,108.7,150.5,123.1,120.4
2015-03,448600.0,296.3,54.6390905,35.91681804545454,27.362727272727273,1.0,126.1,139.0,133.3,119.1,94.5,126.3,119.8,108.9,150.6,123.5,120.7
2015-04,452100.0,276.6,54.76238085714286,36.073333,27.64285723809524,1.0,125.8,139.4,133.1,119.5,94.3,125.6,119.9,108.3,151.4,123.3,120.8
2015-05,455300.0,276.2,54.6859999,35.77100015,26.670999849999998,1.0,126.3,140.2,133.2,119.5,93.9,126.6,120.4,109.3,151.5,123.7,121.0
2015-06,460500.0,298.7,53.85818204545455,36.51363636363636,27.090909272727274,1.0,126.8,140.4,133.5,119.6,93.9,128.3,120.4,109.7,151.9,124.1,121.1
2015-07,465700.0,293.2,51.817727363636365,36.800909499999996,27.73545436363636,0.75,127.1,140.3,133.8,119.8,94.7,128.7,120.7,109.6,152.1,124.5,121.4
2015-08,470900.0,261.3,49.83857142857143,37.17666595238096,28.127618809523806,0.75,127.1,140.7,133.9,120.4,95.0,128.0,120.4,110.1,152.3,124.5,121.6
2015-09,475000.0,248.2,46.637142952380955,36.130952428571426,27.582856761904765,0.75,127.0,141.5,133.9,120.6,94.9,125.6,120.7,110.3,152.8,124.2,121.8
2015-10,478200.0,263.1,48.039091090909096,35.85181790909091,27.421363727272727,0.75,127.2,142.4,134.3,120.5,94.9,126.3,120.8,110.4,152.9,124.3,121.9
2015-11,482500.0,252.4,50.45,35.9515001,27.727000049999997,0.75,127.3,142.2,134.4,120.0,95.4,126.8,121.5,109.9,154.0,124.4,122.0
2015-12,485700.0,269.5,49.182727318181826,34.89818177272727,27.526818363636366,0.75,127.4,143.1,134.5,120.2,94.2,127.1,121.3,110.2,154.2,124.5,122.1
2016-01,491300.0,255.9,42.88578994736842,30.644736842105264,24.16684205263158,0.75,127.5,144.0,134.6,120.4,93.9,125.9,121.5,110.5,154.9,124.4,122.3
2016-02,494900.0,264.2,41.05449985,29.748499900000002,23.376999950000002,0.75,127.3,144.2,134.7,120.9,93.2,124.6,121.5,110.4,155.4,124.1,122.3
2016-03,500600.0,312.9,45.22136409090909,32.65409090909091,26.06909118181818,0.75,127.7,144.3,134.8,121.2,94.3,125.4,121.7,110.6,156.1,124.5,122.8
2016-04,509400.0,305.72,46.640476380952386,34.35238104761905,27.354285761904766,0.75,127.9,143.5,134.9,121.5,94.3,126.9,121.9,110.7,156.4,125.0,123.1
2016-05,520500.0,328.0,47.36333366666666,33.4523809047619,26.68380942857143,0.75,128.3,142.8,135.1,121.9,94.9,128.0,122.1,111.0,156.3,125.5,123.4
2016-06,532000.0,306.94,46.68590931818182,33.58954527272727,27.349091090909095,0.75,128.6,142.2,135.6,122.1,95.0,129.0,122.1,111.0,156.3,125.9,123.6
2016-07,542900.0,336.2,47.110499950000005,35.1700005,29.065500049999997,0.75,128.5,142.4,136.0,122.2,94.2,128.2,122.1,111.5,156.9,125.9,123.8
2016-08,552500.0,332.2,48.902174260869565,36.04043469565217,28.88521743478261,0.75,128.6,142.2,136.2,122.3,94.5,128.3,122.5,111.4,157.0,126.0,123.9
2016-09,562100.0,336.4,49.89238085714286,34.62523780952381,27.890476142857146,0.75,128.8,141.6,136.2,122.0,95.1,129.0,122.6,111.8,157.5,126.3,124.1
2016-10,570300.0,343.1,49.49714266666667,32.82333285714286,26.71666671428571,0.75,129.1,141.5,136.9,122.0,94.8,130.1,122.8,112.1,158.1,126.7,124.1
2016-11,578000.0,337.9,51.060475952380955,33.077618904761906,26.738571666666665,0.75,128.9,141.4,137.2,121.6,94.2,128.9,122.9,112.5,158.3,126.5,124.1
2016-12,583400.0,337.2,53.721904190476195,34.60333323809524,28.01904761904762,0.75,129.3,141.1,137.3,121.8,94.3,130.7,123.0,112.9,158.8,127.1,124.4
2017-01,599100.0,334.7,54.6770001,34.53149995,28.320500149999997,0.75,130.1,140.8,137.8,121.9,94.1,133.5,123.4,113.9,159.2,128.0,124.9
2017-02,621300.0,382.5,56.11736852631579,35.19947378947368,29.542105105263158,0.75,129.9,140.9,137.6,121.6,93.9,132.9,123.4,114.0,159.4,127.8,124.9
2017-03,645500.0,381.4,57.18913078260869,36.91869552173913,31.70304352173913,0.75,129.7,141.3,137.7,121.3,93.9,131.4,123.7,114.5,159.5,127.4,124.9
2017-04,652500.0,403.5,58.38789447368421,37.26263178947369,32.09842105263158,0.75,130.1,142.1,137.9,122.0,92.4,132.2,123.9,114.3,159.9,127.8,124.9
2017-05,642800.0,395.1,59.63818145454545,37.69272713636364,32.5295455,0.75,129.9,142.7,137.7,122.2,93.6,130.9,124.0,113.6,160.2,127.4,125.1
2017-06,630100.0,370.2,61.320454772727274,38.35090886363636,33.48181868181818,0.75,129.9,143.0,137.8,122.4,93.3,129.8,124.2,114.1,160.8,127.3,125.3
2017-07,617300.0,388.8,62.17000015,38.6010001,34.2395,1.0,130.1,143.3,137.7,122.0,94.1,130.7,124.6,113.6,161.5,127.5,125.5
2017-08,609900.0,384.7,62.21956517391305,38.08739086956522,34.05434760869565,1.0,130.4,143.5,138.0,122.0,94.0,132.0,124.7,113.5,161.7,127.9,125.6
2017-09,608300.0,402.4,65.76949959999999,38.80750045,34.95249955,1.25,130.7,143.5,138.1,121.6,93.1,134.0,124.6,114.3,162.3,128.2,125.6
2017-10,607900.0,448.22,68.81045527272727,40.66954545454546,37.998636000000005,1.25,130.9,143.4,138.6,122.2,93.4,134.0,125.1,113.8,162.4,128.4,125.9
2017-11,608900.0,459.6,70.14857085714286,41.59285704761905,40.789523714285714,1.25,131.7,143.7,138.9,122.7,94.0,136.5,124.4,114.6,162.8,129.3,126.3
2017-12,607700.0,450.6,69.9574998,43.761000100000004,42.962,1.25,131.8,143.8,139.2,121.4,94.5,136.9,125.0,114.3,163.1,129.5,126.5
2018-01,605500.0,487.3,74.7761909047619,45.75476176190476,45.05476214285714,1.5,132.3,144.0,139.7,122.8,94.5,137.4,125.2,114.5,163.6,129.9,126.8
2018-02,601400.0,526.4,75.15421099999999,42.21894742105263,40.40684247368421,1.5,132.6,144.1,140.0,123.3,94.2,138.6,125.6,114.7,164.4,130.5,127.2
2018-03,599600.0,515.7,77.29380895238096,41.049524047619045,39.572381190476186,1.5,132.7,144.0,140.0,122.7,93.9,138.3,126.3,115.8,166.0,130.5,127.2
2018-04,599700.0,565.12,80.54190385714286,40.158094999999996,39.31619047619048,1.5,132.8,144.6,140.3,123.7,94.5,138.0,125.9,113.9,167.5,130.6,127.3
2018-05,600900.0,639.0,81.37545427272727,39.46272713636363,38.55818209090909,1.5,132.9,144.3,140.4,122.6,94.3,138.2,126.0,115.2,167.6,130.7,127.1
2018-06,603200.0,599.5,80.15142857142857,40.286190380952384,38.96285666666667,1.5,133.1,144.9,140.5,122.3,94.9,139.1,126.2,114.3,168.5,130.8,127.5
2018-07,606500.0,557.5,77.065238,40.220476,38.692856761904764,1.75,133.7,145.2,141.0,122.9,94.7,140.1,126.1,115.9,168.8,131.4,128.0
2018-08,608900.0,475.8,76.51130408695653,39.788261391304346,37.80434726086957,1.75,133.9,145.7,141.2,123.0,94.7,140.4,126.4,116.0,169.4,131.6,128.2
2018-09,610800.0,419.0,77.154737,39.9110527368421,37.22315752631579,1.75,133.8,146.1,141.5,123.3,94.5,139.8,126.3,115.7,169.6,131.4,128.2
2018-10,612800.0,361.4,68.69956513043478,35.084348043478265,32.16043460869565,2.0,134.2,146.3,142.0,123.8,94.7,140.3,126.3,116.1,169.8,131.8,128.5
2018-11,610900.0,366.4,65.06,34.780952285714285,31.672857047619047,2.0,134.0,146.7,142.3,123.8,94.6,138.8,125.1,115.9,170.1,131.5,128.7
2018-12,609000.0,336.1,58.983158,33.145789,30.48842089473684,2.0,134.3,147.8,142.3,123.9,94.6,138.6,126.0,115.9,170.3,131.7,129.3
2019-01,603500.0,416.5,62.34190428571429,34.883809,32.494285619047616,2.0,134.3,147.9,143.0,123.8,95.0,137.8,126.0,115.9,170.9,131.6,129.1
2019-02,597900.0,439.5,64.94578963157895,38.04578910526316,34.742631315789474,2.0,134.7,148.5,143.4,123.5,95.6,139.1,126.4,115.8,171.0,132.0,129.5
2019-03,595500.0,411.8,63.572856095238095,38.25000023809524,34.76666661904762,2.0,135.2,149.0,143.8,123.3,95.4,140.8,126.7,116.0,170.9,132.5,129.7
2019-04,599400.0,365.7,64.75428571428571,40.333333714285715,37.30142847619047,2.0,135.6,149.0,144.1,123.5,95.5,141.3,126.8,116.1,171.1,132.9,130.0
2019-05,604800.0,358.5,59.440909090909095,40.008636227272724,37.87681831818182,2.0,136.0,149.5,144.2,123.8,95.7,142.4,127.3,117.3,171.3,133.3,130.4
2019-06,611600.0,410.0,58.30900025,40.83500025,38.27449965,2.0,135.9,150.2,144.0,124.0,95.7,141.5,127.7,116.8,170.9,133.3,130.5
2019-07,617600.0,394.1,58.924090772727276,41.976363772727275,38.71590909090909,2.0,136.4,150.8,144.3,123.4,95.7,142.3,127.9,119.2,170.8,133.6,130.8
2019-08,622200.0,377.42,54.193636227272734,41.10272736363636,39.60409054545455,2.0,136.4,151.0,144.6,123.5,95.8,142.4,127.5,118.5,171.0,133.6,131.0
2019-09,626200.0,387.2,58.208999600000006,43.1029999,42.10749995,2.0,136.3,151.3,144.8,123.6,96.9,141.7,127.8,117.0,170.9,133.6,131.1
2019-10,630600.0,405.56,60.408260652173915,44.517825869565215,44.135652173913044,2.0,136.7,151.5,145.7,123.6,96.9,142.2,127.8,117.3,171.4,133.9,131.4
2019-11,633300.0,421.3,65.13950005000001,45.67049995,44.9094998,2.0,136.8,151.7,145.9,123.6,97.1,142.8,128.0,115.8,172.1,133.9,131.1
2019-12,635100.0,422.02,66.09428552380953,45.629047380952386,44.87714285714286,2.0,137.3,152.2,146.3,123.4,97.3,144.1,128.3,115.5,170.9,134.3,131.4
2020-01,636300.0,436.1,65.4585720952381,47.08952371428571,46.79714285714286,2.0,137.5,152.9,146.4,123.2,97.9,145.0,128.8,115.4,171.5,134.6,131.5
2020-02,639800.0,463.0,63.1210527368421,47.63210521052631,48.46473657894737,2.0,137.7,152.1,146.7,123.6,98.4,144.9,128.9,116.1,171.3,134.9,132.0
2020-03,642500.0,423.0,48.92409109090909,34.15863631818182,34.15590913636363,0.5,136.3,152.3,146.5,123.6,98.7,138.3,128.9,115.3,171.4,133.4,131.9
2020-04,634000.0,341.7,49.085238380952376,31.937143047619045,31.485714285714288,0.5,135.6,154.0,146.0,123.8,92.0,136.2,128.4,115.2,171.7,132.1,131.7
2020-05,645700.0,370.3,51.508999900000006,38.11850015,39.065999999999995,0.5,135.4,153.9,145.6,123.4,90.5,138.1,128.4,114.8,171.7,132.0,131.4
2020-06,661500.0,440.7,55.89545490909091,43.567727681818184,44.129090590909094,0.5,136.5,154.4,146.4,123.5,92.7,140.4,128.3,115.1,171.8,133.1,131.8
2020-07,682200.0,585.8,58.33590931818182,46.65045459090909,47.604091045454545,0.5,136.5,154.4,146.4,123.9,93.7,140.2,128.6,114.4,171.9,133.1,131.5
2020-08,700500.0,850.3,64.02761880952382,52.453809761904765,54.489047857142864,0.5,136.8,153.8,146.8,123.9,94.4,140.6,129.4,115.1,171.7,133.6,131.7
2020-09,712600.0,728.5,65.3509528095238,52.78000061904762,54.96904814285714,0.5,137.1,153.5,147.3,123.8,93.6,141.8,129.8,116.0,172.2,134.0,132.0
2020-10,718600.0,622.0,66.46999995454546,55.44590868181819,57.101817681818176,0.5,137.5,154.7,148.3,124.0,93.3,141.9,130.1,115.8,172.6,134.2,132.3
2020-11,726600.0,636.8,69.5440006,56.4269998,55.8095006,0.5,138.0,154.5,148.7,124.3,94.1,143.1,130.4,117.1,172.3,134.9,132.8
2020-12,736400.0,884.6,77.52681845454545,57.689091000000005,56.00954527272727,0.5,138.5,154.2,148.7,124.3,93.7,144.9,130.4,118.1,172.4,135.4,132.9
2021-01,755100.0,892.6,81.33052542105263,60.59947378947369,58.0889472631579,0.5,139.0,154.4,148.4,125.0,93.8,147.1,130.4,118.4,172.6,136.1,133.4
2021-02,774300.0,1021.8,84.40368410526317,63.357367947368424,62.232631526315785,0.5,139.2,154.9,148.8,124.7,93.7,148.2,130.7,116.2,173.2,136.2,133.3
2021-03,792200.0,1009.1,85.30217347826087,66.46130504347826,64.25304360869565,0.5,139.3,155.0,150.0,123.4,93.6,147.9,130.9,115.8,173.5,136.4,133.3
2021-04,807100.0,1420.5,91.40523861904762,73.99619,71.51714285714286,0.5,140.1,155.2,150.7,124.3,94.1,149.0,132.1,117.0,174.0,137.2,134.1
2021-05,824800.0,1670.5,93.40249985,75.35949935,72.53699974999999,0.5,140.3,156.1,151.7,124.5,93.9,148.1,132.3,116.9,174.8,137.3,134.4
2021-06,842700.0,1330.5,87.64818081818181,72.4154535909091,68.73954527272727,0.5,140.7,156.4,152.8,124.5,93.7,148.0,132.6,116.8,175.2,137.6,134.6
2021-07,856700.0,820.4,87.45523838095238,73.06142861904762,68.76904733333333,0.5,141.5,157.0,153.5,125.3,94.3,149.4,133.2,117.6,174.9,138.5,135.1
2021-08,871400.0,635.6,88.01818118181818,76.780454,72.46227286363636,0.5,142.5,158.0,153.9,125.6,94.1,152.8,133.1,117.7,176.0,139.5,135.7
2021-09,895800.0,643.0,87.92000004761906,75.80666633333333,70.07000080952382,0.5,143.2,159.3,154.4,125.7,94.1,154.7,133.6,118.4,176.1,140.1,136.1
2021-10,927400.0,772.0,85.66428590476191,74.7423810952381,69.25238114285715,0.5,143.9,160.4,155.4,126.2,94.0,155.7,133.8,119.7,176.3,140.8,136.6
2021-11,952500.0,824.5,86.26809485714286,81.64904752380951,76.03095166666667,0.5,144.5,161.3,155.9,126.3,94.8,157.1,133.9,119.9,176.8,141.3,136.9
2021-12,973200.0,1166.88,88.55727236363636,83.8222725909091,80.47999986363637,0.5,145.2,162.3,156.8,126.9,94.5,158.5,133.8,120.3,176.7,141.9,137.5
2022-01,1020800.0,1329.0,90.3765003,77.61349935000001,74.12450025000001,0.5,146.1,163.3,157.6,127.6,95.1,159.9,134.3,121.3,178.2,142.9,138.2
2022-02,1054900.0,1320.4,90.8789474736842,71.19894721052633,67.61736894736842,0.5,147.1,165.2,158.6,128.1,94.9,161.4,134.8,121.2,178.5,143.6,138.7
2022-03,1046700.0,1313.7,88.84956530434782,67.95260834782609,64.38130473913044,0.75,148.6,167.0,160.2,129.1,94.6,164.4,135.4,122.4,179.2,145.2,139.6
2022-04,1018000.0,1025.0,89.7725002,62.2785003,58.33100025,1.25,149.7,168.8,161.9,129.4,94.6,166.0,136.5,122.1,179.4,146.0,140.4
2022-05,998800.0,918.0,87.34619057142856,60.958571,58.22809528571429,1.25,151.2,169.9,163.0,131.3,95.8,169.3,137.1,123.2,179.9,147.6,141.3
2022-06,968200.0,636.2564,79.949524,57.38857104761905,54.855238047619046,1.75,152.1,170.3,163.6,131.5,96.0,172.6,137.8,124.0,180.4,148.5,141.8
2022-07,943000.0,681.7273,75.4860008,59.7905002,58.1209999,2.75,152.3,171.6,164.2,131.5,95.4,170.7,138.4,124.6,181.5,148.7,142.5
2022-08,924100.0,601.8,79.14521713043477,63.926956347826085,60.12260847826087,2.75,152.4,173.6,164.1,132.0,95.4,168.9,139.0,124.5,182.2,148.4,142.9
2022-09,911100.0,567.0,70.75190438095238,57.87333371428571,54.37285704761904,3.5,153.0,175.5,164.9,132.5,95.5,168.4,139.5,124.6,182.7,148.7,143.5
2022-10,898600.0,535.3,69.09380914285714,57.05714314285714,54.39714276190476,4.0,153.8,176.4,166.2,132.6,95.8,170.1,140.2,124.6,183.7,149.6,143.9
2022-11,886900.0,460.0,74.31238104761904,59.85095228571429,57.723333380952376,4.0,154.3,177.8,167.2,132.8,95.2,170.1,141.2,124.8,184.7,150.0,144.3
2022-12,874300.0,425.6,74.45238133333334,61.37761880952381,61.079047476190475,4.5,154.3,178.7,167.8,132.7,96.1,168.6,142.0,124.6,185.2,149.8,144.8
2023-01,859300.0,527.7,75.95050045,65.18450025,65.5344998,4.75,154.7,180.4,168.0,132.2,95.8,168.2,142.7,124.6,186.5,149.9,145.0
2023-02,853200.0,510.4,75.89684168421053,69.11578889473684,69.35631563157895,4.75,154.9,181.2,168.3,133.3,96.6,166.9,143.4,124.3,187.4,150.1,145.5
2023-03,858500.0,452.4,71.60391326086956,66.28826169565217,67.79652169565217,4.75,155.3,182.0,168.9,133.2,96.9,166.5,144.2,124.9,188.7,150.4,146.0
2023-04,877400.0,424.6,71.50105231578948,67.76105305263158,71.68157957894736,4.75,156.2,182.9,169.9,133.4,96.7,168.3,144.9,125.5,189.1,151.3,146.5
